candidate_start_index,candidate_ts,candidate_all_pass,start_index,ts,m,n,admissible,mean_p,mean_z,dispersion_p,dispersion_z,pass,note
0,0.0,False,0,0.0,2,10000,True,0.924048067131431,0.09533585127087545,5.8976350408918356e-21,-9.39181275784451,False,
0,0.0,False,0,0.0,5,4000,True,0.2958895686334433,1.0452886784667748,2.3513521767720572e-20,-9.245047968594728,False,
0,0.0,False,0,0.0,10,2000,True,0.36790381663635063,0.9004067750535331,3.908984797552415e-11,-6.607487006761303,False,
0,0.0,False,0,0.0,20,1000,True,0.5480191833690178,0.6007309769225448,1.5981967637966775e-06,-4.798548417365046,False,
0,0.0,False,0,0.0,40,500,True,0.5597054653146765,0.5832790471155773,0.0003656512336540908,-3.5637090517612746,False,
133,133.0,False,133,133.0,2,9933,True,0.8679168248116104,0.16630513546244874,5.417989705102825e-21,-9.400741479698894,False,
133,133.0,False,133,133.0,5,3973,True,0.24937216720733169,1.151875670358177,8.221860762163378e-20,-9.110215350907925,False,
133,133.0,False,133,133.0,10,1986,True,0.38278745909869805,0.8727718259443757,6.318745383869962e-11,-6.5359963559812995,False,
133,133.0,False,133,133.0,20,993,True,0.4079914191435039,0.8274334652719318,2.4694946463479227e-06,-4.710632270566882,False,
133,133.0,False,133,133.0,40,496,True,0.39767200832380345,0.8457862303797443,0.00031712213358358064,-3.6008962337969304,False,
266,266.0,False,266,266.0,2,9867,True,0.9144494058809713,0.10742804584553338,1.0013968307272147e-19,-9.088798317671056,False,
266,266.0,False,266,266.0,5,3946,True,0.24938430952116775,1.151846126393535,1.1392172874735216e-19,-9.0747662831057,False,
266,266.0,False,266,266.0,10,1973,True,0.3304784516941688,0.9731506140561972,9.231035868905236e-11,-6.479036197335154,False,
266,266.0,False,266,266.0,20,986,True,0.570587632366369,0.5671862742818877,2.9122345041068e-06,-4.676914611285815,False,
266,266.0,False,266,266.0,40,493,True,0.5727609356332233,0.5639900031266294,0.0004325303606675524,-3.5193961330478314,False,
399,399.0,False,399,399.0,2,9800,True,0.8725652162572463,0.16040098181466864,3.945476576956126e-23,-9.905359715060158,False,
399,399.0,False,399,399.0,5,3920,True,0.4718987534836032,0.7193930895525842,9.985524366168127e-22,-9.577051117318817,False,
399,399.0,False,399,399.0,10,1960,True,0.44721059802419805,0.7600735900676344,8.133867819263143e-12,-6.836169537148574,False,
399,399.0,False,399,399.0,20,980,True,0.4751149984535501,0.7141814296137619,6.909222346210251e-07,-4.963898044302739,False,
399,399.0,False,399,399.0,40,490,True,0.39900357352283,0.8434021435211314,0.00025468303490093014,-3.6575042530431774,False,
532,532.0,False,532,532.0,2,9734,True,0.9436175803259582,0.07072379783514761,3.4768988531360384e-26,-10.585561482760275,False,
532,532.0,False,532,532.0,5,3893,True,0.45080098208641073,0.7540803394760618,1.257722830453091e-25,-10.464474634154232,False,
532,532.0,False,532,532.0,10,1946,True,0.5945569964735131,0.5322440226992149,5.556143471115283e-14,-7.5181389538716745,False,
532,532.0,False,532,532.0,20,973,True,0.6924241280987524,0.3955674846182553,5.481815360717079e-08,-5.434929332356737,False,
532,532.0,False,532,532.0,40,486,True,0.6761762556522918,0.41768662073169466,4.047775878296562e-05,-4.1047355860660915,False,
665,665.0,False,665,665.0,2,9667,True,0.9386718568310503,0.0769392704357498,7.651979937013415e-33,-11.93633657522865,False,
665,665.0,False,665,665.0,5,3867,True,0.6020518539971975,0.5214521165290207,4.220841840035669e-30,-11.399178261293569,False,
665,665.0,False,665,665.0,10,1933,True,0.683573850969407,0.4075911660142676,2.9240679898677457e-16,-8.176417817966241,False,
665,665.0,False,665,665.0,20,966,True,0.6949217116957414,0.3921847492712806,2.583973915194213e-09,-5.956056271137722,False,
665,665.0,False,665,665.0,40,483,True,0.742137246678332,0.32902439825430213,9.025624310540372e-06,-4.4392897369954385,False,
798,798.0,False,798,798.0,2,9601,True,0.9693472876685977,0.03842693267254654,1.0454929058791534e-33,-12.100829550308493,False,
798,798.0,False,798,798.0,5,3840,True,0.44314385666456346,0.7668951514241474,4.684556249192737e-33,-11.977094469472313,False,
798,798.0,False,798,798.0,10,1920,True,0.5737162850095813,0.5625867963766874,1.3083013567599546e-17,-8.542956961744379,False,
798,798.0,False,798,798.0,20,960,True,0.6346590636844531,0.4751794632101431,5.961617139353075e-10,-6.191442274085926,False,
798,798.0,False,798,798.0,40,480,True,0.7413116924431955,0.33011682268277454,4.901920466152361e-06,-4.568942150694035,False,
931,931.0,False,931,931.0,2,9534,True,0.9325333632810249,0.08465790429068465,5.239818605460226e-33,-11.967802299373254,False,
931,931.0,False,931,931.0,5,3813,True,0.38896215602696893,0.8615010265419686,9.930363456501201e-31,-11.524485489116534,False,
931,931.0,False,931,931.0,10,1906,True,0.5103591742689373,0.6582785255825342,1.3432632957281868e-16,-8.269673530514233,False,
931,931.0,False,931,931.0,20,953,True,0.611643488277001,0.5077288853548041,2.001549806416216e-09,-5.997681191780019,False,
931,931.0,False,931,931.0,40,476,True,0.9482574488831461,0.06489519183869095,6.46297481295395e-06,-4.510648467401279,False,
1064,1064.0,False,1064,1064.0,2,9468,True,0.9634511033293951,0.045823280265444875,3.0720584804083705e-30,-11.426804842141408,False,
1064,1064.0,False,1064,1064.0,5,3787,True,0.7614227891996093,0.3036129436756362,5.197312825524034e-30,-11.381045096799134,False,
1064,1064.0,False,1064,1064.0,10,1893,True,0.8180324980273328,0.23007627779638717,2.8739066327684315e-16,-8.178503496582099,False,
1064,1064.0,False,1064,1064.0,20,946,True,0.8047076778120037,0.2472591411308159,2.686785868375889e-09,-5.949673083460257,False,
1064,1064.0,False,1064,1064.0,40,473,True,0.49069999944292264,0.6891958954671419,1.010154423632713e-05,-4.4149883240254635,False,
1197,1197.0,False,1197,1197.0,2,9401,True,0.9391269300793179,0.07636724262049527,1.7661598801541914e-33,-12.057714603910403,False,
1197,1197.0,False,1197,1197.0,5,3760,True,0.5952749914581414,0.5312075069637848,4.238228494930357e-31,-11.597594758176562,False,
1197,1197.0,False,1197,1197.0,10,1880,True,0.8069321550160536,0.24438564939075844,1.2710431191224823e-16,-8.276259996656561,False,
1197,1197.0,False,1197,1197.0,20,940,True,0.9289719461774686,0.08913836713349375,2.0512329328059573e-09,-5.993697089927162,False,
1197,1197.0,False,1197,1197.0,40,470,True,0.9460958595430132,0.06761029548533451,1.0283215246935721e-05,-4.411130843708389,False,
1330,1330.0,False,1330,1330.0,2,9335,True,0.9723431727783641,0.034669636687854735,1.1166317017889143e-25,-10.47573804242928,False,
1330,1330.0,False,1330,1330.0,5,3734,True,0.6261026009512297,0.4872197637457107,1.024012220233682e-25,-10.483927151365924,False,
1330,1330.0,False,1330,1330.0,10,1867,True,0.6699413571627928,0.42622849317718564,6.719633005521669e-14,-7.493235194547739,False,
1330,1330.0,False,1330,1330.0,20,933,True,0.633504504236378,0.47680005827279087,4.8235936967175024e-08,-5.457693497374873,False,
1330,1330.0,False,1330,1330.0,40,466,True,0.6039875170085882,0.5186748296608052,3.575598583367179e-05,-4.133320313060447,False,
1463,1463.0,False,1463,1463.0,2,9268,True,0.9490475327343817,0.06390291306158649,1.1922389232000713e-25,-10.469537644638825,False,
1463,1463.0,False,1463,1463.0,5,3707,True,0.649666445918569,0.45422561843616865,1.1936219294074276e-23,-10.024166699571373,False,
1463,1463.0,False,1463,1463.0,10,1853,True,0.8182904226209424,0.22974435977871321,5.897562558136623e-13,-7.2028296752812775,False,
1463,1463.0,False,1463,1463.0,20,926,True,0.7225210462394118,0.3550914973911331,1.364298196313514e-07,-5.26999184564312,False,
1463,1463.0,False,1463,1463.0,40,463,True,0.6118152463242431,0.507484019557543,7.32513093486954e-05,-3.9654705082725075,False,
1596,1596.0,False,1596,1596.0,2,9202,True,0.9554847402719077,0.05582057970208383,2.5379959577155297e-23,-9.949364157928791,False,
1596,1596.0,False,1596,1596.0,5,3680,True,0.34265882025063743,0.9489248785864413,8.802678310116062e-24,-10.054207544125152,False,
1596,1596.0,False,1596,1596.0,10,1840,True,0.3897892849219188,0.8599995602282164,6.512072984467916e-13,-7.189307567304764,False,
1596,1596.0,False,1596,1596.0,20,920,True,0.5226549373281995,0.6392582597815648,1.660244302661217e-07,-5.233839722960374,False,
1596,1596.0,False,1596,1596.0,40,460,True,0.5200318270918721,0.6432963455861618,0.00016998220704385483,-3.7598986503466794,False,
1729,1729.0,False,1729,1729.0,2,9135,True,0.9170272152284339,0.10417910537550862,2.7573483239769914e-25,-10.38986786694619,False,
1729,1729.0,False,1729,1729.0,5,3654,True,0.7756205426936502,0.28503080331715336,2.3107231297109765e-23,-9.958696533049109,False,
1729,1729.0,False,1729,1729.0,10,1827,True,0.7463863472690366,0.32340790018705284,1.2706759218446629e-12,-7.097463236258918,False,
1729,1729.0,False,1729,1729.0,20,913,True,0.8158757199080184,0.23285278869897022,2.401224013649503e-07,-5.165246391219294,False,
1729,1729.0,False,1729,1729.0,40,456,True,0.7868785678706425,0.27036616455467927,9.649513394499974e-05,-3.899239895403492,False,
1862,1862.0,False,1862,1862.0,2,9069,True,0.9603559990475137,0.04970684830755284,1.493443504129464e-23,-10.002003610983348,False,
1862,1862.0,False,1862,1862.0,5,3627,True,0.42026035480336865,0.8059696400639826,2.035824928955866e-24,-10.197432829761421,False,
1862,1862.0,False,1862,1862.0,10,1813,True,0.5961834499008567,0.5298968505691463,2.367364345858365e-13,-7.32621921609774,False,
1862,1862.0,False,1862,1862.0,20,906,True,0.7367724828071602,0.3361304690539195,8.862281502985756e-08,-5.348629373500237,False,
1862,1862.0,False,1862,1862.0,40,453,True,0.7781341637368344,0.28175136757213565,5.959382703191741e-05,-4.014413366190418,False,
1995,1995.0,False,1995,1995.0,2,9002,True,0.9195646271749724,0.10098215352323382,3.953036346570767e-31,-11.603556090114811,False,
1995,1995.0,False,1995,1995.0,5,3601,True,0.39138015436877027,0.8571171312069252,3.0188037730925373e-28,-11.021237390594141,False,
1995,1995.0,False,1995,1995.0,10,1800,True,0.5756456613689763,0.5597563196250456,2.9795639823426683e-15,-7.891759125685271,False,
1995,1995.0,False,1995,1995.0,20,900,True,0.6426852978940226,0.4639475866763973,8.51212308846556e-09,-5.757990328540643,False,
1995,1995.0,False,1995,1995.0,40,450,True,0.725759756272375,0.3507715316458261,2.4167620274671362e-05,-4.22243584337167,False,
2128,2128.0,False,2128,2128.0,2,8936,True,0.9734416437786125,0.0332921122610182,1.242561979587112e-25,-10.465623182566294,False,
2128,2128.0,False,2128,2128.0,5,3574,True,0.6261399649677888,0.48716703408210826,1.4506730531522792e-26,-10.667110674865055,False,
2128,2128.0,False,2128,2128.0,10,1787,True,0.7201776585128845,0.3582213666799682,2.7599466856540847e-14,-7.609107713646903,False,
2128,2128.0,False,2128,2128.0,20,893,True,0.7896429770543416,0.2667742557355291,2.8691163249770178e-08,-5.54924149730625,False,
2128,2128.0,False,2128,2128.0,40,446,True,0.7046686542426516,0.3790258685236376,2.897609700897156e-05,-4.181367593192815,False,
2261,2261.0,False,2261,2261.0,2,8869,True,0.9417058731503172,0.07312597346344081,9.277701237968314e-30,-11.330402876296711,False,
2261,2261.0,False,2261,2261.0,5,3547,True,0.4696051324237195,0.7231216773475786,4.3504132061583885e-27,-10.77847433055039,False,
2261,2261.0,False,2261,2261.0,10,1773,True,0.5965506462118684,0.5293673453334085,1.0055855221590942e-14,-7.738548042332383,False,
2261,2261.0,False,2261,2261.0,20,886,True,0.9918383298437856,0.010229314985441973,1.5462009276711604e-08,-5.6563565507278355,False,
2261,2261.0,False,2261,2261.0,40,443,True,0.887608551588674,0.1413308852466381,2.197848172347863e-05,-4.243781036087688,False,
2394,2394.0,False,2394,2394.0,2,8803,True,0.9585328378904845,0.05199479864405507,2.2688509834084834e-29,-11.25181098737465,False,
2394,2394.0,False,2394,2394.0,5,3521,True,0.9402528699308499,0.07495204138511617,1.126091931860522e-29,-11.313422773860777,False,
2394,2394.0,False,2394,2394.0,10,1760,True,0.9832480205284284,-0.020997035444122302,3.9426376504423704e-16,-8.140311023680182,False,
2394,2394.0,False,2394,2394.0,20,880,True,0.8674978918383977,0.16683752493183404,3.925336829955865e-09,-5.887309302016467,False,
2394,2394.0,False,2394,2394.0,40,440,True,0.5602529340721893,0.5824658553837831,1.7961616780005693e-05,-4.288830757998586,False,
2527,2527.0,False,2527,2527.0,2,8736,True,0.9234097255927167,0.09613956865983304,1.5491533433767132e-30,-11.486119655905819,False,
2527,2527.0,False,2527,2527.0,5,3494,True,0.44995287056573585,0.7554936006624989,1.826298622893385e-27,-10.858038492040443,False,
2527,2527.0,False,2527,2527.0,10,1747,True,0.6802889455699321,0.41206886915516777,9.026681392846952e-15,-7.75226633749462,False,
2527,2527.0,False,2527,2527.0,20,873,True,0.7356813311100878,0.3375778570281104,1.8112579715022468e-08,-5.629125291669086,False,
2527,2527.0,False,2527,2527.0,40,436,True,0.8732374459792677,0.15954761677772702,2.7571684822479958e-05,-4.192648197592023,False,
2660,2660.0,False,2660,2660.0,2,8670,True,0.9427929227951438,0.07175997900973322,6.09888299680462e-28,-10.957762171750037,False,
2660,2660.0,False,2660,2660.0,5,3468,True,0.40564864457814254,0.8315754137411443,1.699956859326425e-27,-10.86458425557927,False,
2660,2660.0,False,2660,2660.0,10,1734,True,0.4871844945434328,0.6947938633061905,8.042606902909739e-15,-7.766906653647565,False,
2660,2660.0,False,2660,2660.0,20,867,True,0.6735509448584673,0.42127957261682875,2.1649537963346383e-08,-5.598274811140021,False,
2660,2660.0,False,2660,2660.0,40,433,True,0.5136683281849734,0.6531364301342303,2.085594897550741e-05,-4.255524536900025,False,
2793,2793.0,False,2793,2793.0,2,8603,True,0.950665738615475,0.06187077807802036,1.6387190713099046e-34,-12.252015526908309,False,
2793,2793.0,False,2793,2793.0,5,3441,True,0.6488683251781506,0.45533489553981704,7.609650808556092e-31,-11.547389833816332,False,
2793,2793.0,False,2793,2793.0,10,1720,True,0.8395948253459502,0.2024117730254367,1.258478738677889e-16,-8.277443440825257,False,
2793,2793.0,False,2793,2793.0,20,860,True,0.8134982696023432,0.23591546240456382,2.0484641578911813e-09,-5.993916632468195,False,
2793,2793.0,False,2793,2793.0,40,430,True,0.8193442266664128,0.22838850287200332,1.2069603977523703e-05,-4.376326753562063,False,
2926,2926.0,False,2926,2926.0,2,8537,True,0.9668592934104531,0.041547666317839065,4.989889326381199e-34,-12.161395540701875,False,
2926,2926.0,False,2926,2926.0,5,3414,True,0.5135166011156042,0.6533718204702771,2.192740119687894e-33,-12.039880138154592,False,
2926,2926.0,False,2926,2926.0,10,1707,True,0.5068166402091876,0.6638026331021212,7.30856617882712e-18,-8.609960645523529,False,
2926,2926.0,False,2926,2926.0,20,853,True,0.7772851433690018,0.2828587149052607,5.305968128807932e-10,-6.209777478692141,False,
2926,2926.0,False,2926,2926.0,40,426,True,0.8216072796881536,0.22547820377892416,3.098242222476787e-06,-4.664197163970676,False,
3059,3059.0,False,3059,3059.0,2,8470,True,0.9384868644849937,0.07717181330332633,1.2078633766788812e-32,-11.898297377795668,False,
3059,3059.0,False,3059,3059.0,5,3388,True,0.9965899940207914,-0.004273821712655681,1.2874191251319523e-29,-11.301672843884768,False,
3059,3059.0,False,3059,3059.0,10,1694,True,0.8897180766885098,0.13866095079178922,6.993345935726869e-16,-8.07063505461515,False,
3059,3059.0,False,3059,3059.0,20,847,True,0.9186462779687156,0.1021390848892446,4.70764038865258e-09,-5.857190141803467,False,
3059,3059.0,False,3059,3059.0,40,423,True,0.6674899649134338,0.4295954260031706,1.009834538894957e-05,-4.415056838074252,False,
3192,3192.0,False,3192,3192.0,2,8404,True,0.9838682220597242,0.02021956299787344,6.089367038730079e-25,-10.314029066080847,False,
3192,3192.0,False,3192,3192.0,5,3361,True,0.6928668669572295,0.3949675086063738,3.135669170287275e-24,-10.155385986612686,False,
3192,3192.0,False,3192,3192.0,10,1680,True,0.832624889235108,0.21133626154379692,2.87940158326067e-13,-7.299919402194153,False,
3192,3192.0,False,3192,3192.0,20,840,True,0.9506205547923335,0.061927516194469956,1.221921841250805e-07,-5.290185772087832,False,
3192,3192.0,False,3192,3192.0,40,420,True,0.915491245311576,-0.10611482953399402,8.479629930221143e-05,-3.930423702444362,False,
3325,3325.0,False,3325,3325.0,2,8337,True,0.9741247822991446,0.03243546259118366,1.8529648521338316e-21,-9.51296927824816,False,
3325,3325.0,False,3325,3325.0,5,3335,True,0.5580908077746143,0.5856796561071612,2.5858792449695926e-19,-8.985062229037734,False,
3325,3325.0,False,3325,3325.0,10,1667,True,0.6841978193504619,0.4067415510231971,1.1324425817159689e-10,-6.448122448174939,False,
3325,3325.0,False,3325,3325.0,20,833,True,0.6380821415590725,0.4703819725093001,2.365371711584262e-06,-4.719403543424213,False,
3325,3325.0,False,3325,3325.0,40,416,True,0.8254128721033271,0.22058847954447244,0.0002985069765315689,-3.6165922398275345,False,
3458,3458.0,False,3458,3458.0,2,8271,True,0.9560739726463903,0.055080950192113905,4.8228715742250325e-17,-8.390935923503193,False,
3458,3458.0,False,3458,3458.0,5,3308,True,0.6094616640577206,0.5108420470109187,1.8323426030571973e-16,-8.232573101943066,False,
3458,3458.0,False,3458,3458.0,10,1654,True,0.7946046174438475,0.26033598477119074,3.911981263936086e-09,-5.887872751468985,False,
3458,3458.0,False,3458,3458.0,20,827,True,0.7368760303824399,0.3359931521673876,1.8171920621667817e-05,-4.286244225511197,False,
3458,3458.0,False,3458,3458.0,40,413,True,0.6760929525820798,0.4178005447373821,0.0009427322611329469,-3.307082193997263,False,
3591,3591.0,False,3591,3591.0,2,8204,True,0.9567992845110432,0.054170549253968324,2.7975619718172457e-15,-7.899619462803432,False,
3591,3591.0,False,3591,3591.0,5,3281,True,0.5653802703476928,0.5748684479017266,6.001500305429818e-14,-7.508049087582665,False,
3591,3591.0,False,3591,3591.0,10,1640,True,0.5817816837042992,0.5507841019294651,5.992289750539998e-08,-5.419031089915583,False,
3591,3591.0,False,3591,3591.0,20,820,True,0.7730784816855005,0.2883504644403502,7.7907971610605e-05,-3.9507460048221685,False,
3591,3591.0,False,3591,3591.0,40,410,True,0.8056800561083426,0.24600281150170256,0.0037650228469707516,-2.89720613193794,False,
3724,3724.0,False,3724,3724.0,2,8138,True,0.9784787434815168,0.02697616651065645,1.9735647313974328e-16,-8.223677414472032,False,
3724,3724.0,False,3724,3724.0,5,3255,True,0.9719647565940767,-0.03514420008387608,9.786036495922734e-16,-8.029512971185508,False,
3724,3724.0,False,3724,3724.0,10,1627,True,0.8764711939876311,-0.15544413285241757,6.233284496565789e-09,-5.810375576144864,False,
3724,3724.0,False,3724,3724.0,20,813,True,0.9335365959003281,-0.08339609190051876,2.0120950727304304e-05,-4.2635443882474515,False,
3724,3724.0,False,3724,3724.0,40,406,True,0.7741280756583476,0.2869794233361457,0.0012995778057825092,-3.2160729763155307,False,
3857,3857.0,False,3857,3857.0,2,8071,True,0.9709256701043868,0.036447336574463925,8.867461740147117e-19,-8.848536267458753,False,
3857,3857.0,False,3857,3857.0,5,3228,True,0.6429232985446175,0.46361542846130177,5.430118751985467e-17,-8.37698408293125,False,
3857,3857.0,False,3857,3857.0,10,1614,True,0.8962414222549223,0.13041080017908377,1.997970716624322e-09,-5.997971908945804,False,
3857,3857.0,False,3857,3857.0,20,807,True,0.9751769306061477,0.03111612424737142,1.1794109838120203e-05,-4.3813594780584495,False,
3857,3857.0,False,3857,3857.0,40,403,True,0.7745070095095572,0.28648457039204583,0.0006664487866516653,-3.403022144941175,False,
3990,3990.0,False,3990,3990.0,2,8005,True,0.9478151710942896,0.06545068332766613,4.182602099113972e-17,-8.40766318364627,False,
3990,3990.0,False,3990,3990.0,5,3202,True,0.4559697408469855,0.7454996198943025,2.6057819101536803e-16,-8.190298914897037,False,
3990,3990.0,False,3990,3990.0,10,1601,True,0.5328033140560058,0.6237324413351355,4.229084869832618e-09,-5.8749744825164365,False,
3990,3990.0,False,3990,3990.0,20,800,True,0.49656126444978044,0.6799102920362372,1.6795825932578218e-05,-4.303714260383671,False,
3990,3990.0,False,3990,3990.0,40,400,True,0.8990288097746045,0.1268882965377556,0.001261445346889436,-3.224609659801665,False,
4123,4123.0,False,4123,4123.0,2,7938,True,0.9693265693270396,0.03845291845449131,6.801426430261293e-21,-9.376786155409274,False,
4123,4123.0,False,4123,4123.0,5,3175,True,0.6723339143581782,0.4229470219964357,3.869510572514716e-19,-8.940631966645125,False,
4123,4123.0,False,4123,4123.0,10,1587,True,0.8784664513443243,0.15291354858083384,1.3653152343150425e-10,-6.419712973794361,False,
4123,4123.0,False,4123,4123.0,20,793,True,0.6922519306947099,0.3958008757810982,2.614239308750423e-06,-4.699011346887768,False,
4123,4123.0,False,4123,4123.0,40,396,True,0.6734644601243764,0.42139802635142193,0.00031230678409321336,-3.60487202524431,False,
4256,4256.0,False,4256,4256.0,2,7872,True,0.9428996148135491,0.07162591630393711,7.093455042752966e-18,-8.61338472254988,False,
4256,4256.0,False,4256,4256.0,5,3148,True,0.5324908641195949,0.6242081973223854,1.7101406523871268e-17,-8.51196238194772,False,
4256,4256.0,False,4256,4256.0,10,1574,True,0.4892132058161336,0.6915607688160559,1.071790910234442e-09,-6.098334789587495,False,
4256,4256.0,False,4256,4256.0,20,787,True,0.6401205736936728,0.4675302235419756,7.499188180315231e-06,-4.479004702538892,False,
4256,4256.0,False,4256,4256.0,40,393,True,0.8854015934617394,0.14412521555318233,0.0006436974501726878,-3.4125007703912162,False,
4389,4389.0,False,4389,4389.0,2,7805,True,0.9914787466824861,0.010680010278671211,9.03025523032018e-22,-9.587434351388932,False,
4389,4389.0,False,4389,4389.0,5,3122,True,0.9431984573169142,-0.07125041582213848,5.689492568077442e-20,-9.150073308734076,False,
4389,4389.0,False,4389,4389.0,10,1561,True,0.9886341595703088,-0.014245450289985391,5.7111650526251666e-11,-6.551108219875433,False,
4389,4389.0,False,4389,4389.0,20,780,True,0.9979142789740004,0.00261406662551469,1.5555283101431064e-06,-4.803966545426128,False,
4389,4389.0,False,4389,4389.0,40,390,True,0.7113002463849201,0.3701103825858021,0.00030604202726424617,-3.610131315852687,False,
4522,4522.0,False,4522,4522.0,2,7739,True,0.960915814259881,0.049004368882523124,5.91466441210854e-25,-10.31682518777449,False,
4522,4522.0,False,4522,4522.0,5,3095,True,0.6441893345243193,0.4618493830117272,2.558371813036128e-24,-10.175213935703264,False,
4522,4522.0,False,4522,4522.0,10,1547,True,0.711971281174815,0.3692098947337222,2.3444149214910846e-13,-7.3275252600049585,False,
4522,4522.0,False,4522,4522.0,20,773,True,0.9077424667505449,0.11588653569928022,8.248801633942653e-08,-5.361600045764412,False,
4522,4522.0,False,4522,4522.0,40,386,True,0.8311677958016673,0.21320406749754847,5.89630891825484e-05,-4.0169225605927,False,
4655,4655.0,False,4655,4655.0,2,7672,True,0.9843331374086273,0.019636762297377115,3.667102972846274e-31,-11.60997791723018,False,
4655,4655.0,False,4655,4655.0,5,3069,True,0.6176003748350594,0.49925411643056106,9.053485562610344e-29,-11.129110055710557,False,
4655,4655.0,False,4655,4655.0,10,1534,True,0.7460865140091638,0.3238038859526816,1.4573213163144741e-15,-7.980508104096424,False,
4655,4655.0,False,4655,4655.0,20,767,True,0.7676514109904212,0.29544833930847847,4.916025893924865e-09,-5.849989992554027,False,
4655,4655.0,False,4655,4655.0,40,383,True,0.693085892991657,0.394670748814689,9.490767369138655e-06,-4.4284614588660345,False,
4788,4788.0,False,4788,4788.0,2,7606,True,0.9883893980646937,0.014552245148198249,1.0037339642355614e-27,-10.912573979460447,False,
4788,4788.0,False,4788,4788.0,5,3042,True,0.8303967498967265,0.2141927495614946,5.1658125482481034e-27,-10.7626583172668,False,
4788,4788.0,False,4788,4788.0,10,1521,True,0.9652847940971089,0.04352279482522305,1.5600593072455115e-14,-7.682506248934059,False,
4788,4788.0,False,4788,4788.0,20,760,True,0.9658844401999006,-0.042770549992518024,1.597779279263549e-08,-5.650719185131905,False,
4788,4788.0,False,4788,4788.0,40,380,True,0.9900026586080657,-0.012530137175340305,2.8055254333667254e-05,-4.188703598324245,False,
4921,4921.0,False,4921,4921.0,2,7539,True,0.9916271170187353,0.010494045216754459,2.793287412410909e-27,-10.819158986164005,False,
4921,4921.0,False,4921,4921.0,5,3015,True,0.7954129256525005,0.2592881449802298,3.982271730084286e-25,-10.354749609840011,False,
4921,4921.0,False,4921,4921.0,10,1507,True,0.794021115991893,0.26109257688054954,8.53521454747199e-14,-7.461794174994928,False,
4921,4921.0,False,4921,4921.0,20,753,True,0.9892376415645942,-0.01348902503000519,4.726216083732349e-08,-5.461314617793391,False,
4921,4921.0,False,4921,4921.0,40,376,True,0.9931192983089735,0.00862378759425576,4.60252300851752e-05,-4.0749449665619,False,
5054,5054.0,False,5054,5054.0,2,7473,True,0.997217633553699,0.003487186269964649,5.961008945831308e-24,-10.092534636214983,False,
5054,5054.0,False,5054,5054.0,5,2989,True,0.872340248032239,-0.16068659479534486,1.5439933269235214e-23,-9.998707301657701,False,
5054,5054.0,False,5054,5054.0,10,1494,True,0.7988400398468937,-0.2548485961454761,6.252878017794877e-13,-7.194851503486036,False,
5054,5054.0,False,5054,5054.0,20,747,True,0.968852939114855,-0.0390469717394184,1.7419788613871217e-07,-5.2249545567400695,False,
5054,5054.0,False,5054,5054.0,40,373,True,0.954593669183719,-0.05693914813089887,7.17633190498225e-05,-3.970362643025379,False,
5187,5187.0,False,5187,5187.0,2,7406,True,0.9586729143622116,0.05181900215440565,5.562741894055102e-22,-9.637308375063714,False,
5187,5187.0,False,5187,5187.0,5,2962,True,0.6774830934463345,0.41590011762009615,4.432544848098439e-20,-9.177003355825018,False,
5187,5187.0,False,5187,5187.0,10,1481,True,0.94517954750548,0.06876139518077955,5.5267606306476473e-11,-6.55600708527379,False,
5187,5187.0,False,5187,5187.0,20,740,True,0.9633072448478717,-0.04600377027527618,1.6587629975087932e-06,-4.791091686824151,False,
5187,5187.0,False,5187,5187.0,40,370,True,0.9778500742781591,0.027764381714593375,0.0003079389537014303,-3.6085282779966965,False,
5320,5320.0,False,5320,5320.0,2,7340,True,0.9958552456948174,0.005194702529407802,3.959234991410139e-19,-8.938098667204278,False,
5320,5320.0,False,5320,5320.0,5,2936,True,0.6002424792435905,0.524051846858153,2.3451952222344897e-18,-8.739319130493618,False,
5320,5320.0,False,5320,5320.0,10,1468,True,0.6203845172084765,0.4953054602379118,3.73161154054265e-10,-6.264859732082519,False,
5320,5320.0,False,5320,5320.0,20,734,True,0.840664323206035,0.20104380324808094,6.6766977378949425e-06,-4.503742890753861,False,
5320,5320.0,False,5320,5320.0,40,367,True,0.9483915349470037,0.06472678656001717,0.0007219023853465481,-3.381122929516686,False,
5453,5453.0,False,5453,5453.0,2,7273,True,0.9609303903393915,0.04898607853589459,3.1024520610631092e-22,-9.697081759495465,False,
5453,5453.0,False,5453,5453.0,5,2909,True,0.807131205494472,0.24412862253349146,2.3094367021923146e-20,-9.246971338500778,False,
5453,5453.0,False,5453,5453.0,10,1454,True,0.9092343069253127,0.1140043981917743,3.189065469044015e-11,-6.637565369484271,False,
5453,5453.0,False,5453,5453.0,20,727,True,0.8712576878450717,0.1620611648206787,1.2562937090240438e-06,-4.846546155486334,False,
5453,5453.0,False,5453,5453.0,40,363,True,0.7552872595364779,0.3116753549322891,0.00027390102623383304,-3.638809768834475,False,
5586,5586.0,False,5586,5586.0,2,7207,True,0.9927318470744164,0.009109404797211704,9.901504523054092e-24,-10.042613800393013,False,
5586,5586.0,False,5586,5586.0,5,2882,True,0.7280434304580222,0.3477293793334386,8.981138131522296e-23,-9.822802491684692,False,
5586,5586.0,False,5586,5586.0,10,1441,True,0.5697790015993632,0.5683770042228452,2.162020190580362e-12,-7.0236137218715236,False,
5586,5586.0,False,5586,5586.0,20,720,True,0.8158878419670462,0.23283717846693666,3.4938390022082867e-07,-5.094651200792539,False,
5586,5586.0,False,5586,5586.0,40,360,True,0.8853426950676331,0.1441998048179608,0.00014908638008969053,-3.7925863558960935,False,
5719,5719.0,False,5719,5719.0,2,7140,True,0.9699804346668982,0.03763282652869853,1.3812396037627063e-24,-10.235049898728878,False,
5719,5719.0,False,5719,5719.0,5,2856,True,0.9159145942499928,-0.10558125966737457,1.2212369025293954e-22,-9.79178248157685,False,
5719,5719.0,False,5719,5719.0,10,1428,True,0.8660800187380353,-0.16863974187266026,2.58165308853463e-12,-6.998799330166282,False,
5719,5719.0,False,5719,5719.0,20,714,True,0.9141888645376164,-0.10775648150626044,3.7442814255708704e-07,-5.081519208057617,False,
5719,5719.0,False,5719,5719.0,40,357,True,0.7726344104009133,0.28893069941992344,0.00016247144221836568,-3.7711891750707975,False,
5852,5852.0,False,5852,5852.0,2,7074,True,0.9854386324399423,-0.01825098099952391,2.735649376285699e-21,-9.472370056316995,False,
5852,5852.0,False,5852,5852.0,5,2829,True,0.7943898446830798,0.26061445065935146,2.1001079900492197e-20,-9.25712494877797,False,
5852,5852.0,False,5852,5852.0,10,1414,True,0.859984381246601,0.17639404687157287,2.6799968384202875e-11,-6.6631610582644845,False,
5852,5852.0,False,5852,5852.0,20,707,True,0.9819397269137473,0.02263712879438292,1.3244068488906349e-06,-4.836055909200002,False,
5852,5852.0,False,5852,5852.0,40,353,True,0.981633997105451,0.0230204041471218,0.00024238482110202264,-3.6701746298087716,False,
5985,5985.0,False,5985,5985.0,2,7007,True,0.9942138578995603,0.007251917257918208,7.278112605797662e-20,-9.123433557541718,False,
5985,5985.0,False,5985,5985.0,5,2803,True,0.7964043223047564,0.2580033493566486,1.070571520871762e-17,-8.566091150306713,False,
5985,5985.0,False,5985,5985.0,10,1401,True,0.8379416019572643,0.20452711902053686,8.481594675216688e-10,-6.135642035431017,False,
5985,5985.0,False,5985,5985.0,20,700,True,0.8008364197079596,0.25226476670116227,6.437750845027477e-06,-4.511477845025724,False,
5985,5985.0,False,5985,5985.0,40,350,True,0.9518778082092216,0.06034883484731443,0.0008371308046256919,-3.340216571170297,False,
6118,6118.0,False,6118,6118.0,2,6941,True,0.9858168541249841,0.01777687349210731,3.60199113396591e-14,-7.574613230599769,False,
6118,6118.0,False,6118,6118.0,5,2776,True,0.8478746460146757,0.19183092518807493,1.7604027093411288e-13,-7.3658358958720695,False,
6118,6118.0,False,6118,6118.0,10,1388,True,0.9763625722170615,-0.029629457146059152,1.523071114309063e-07,-5.249748376804402,False,
6118,6118.0,False,6118,6118.0,20,694,True,0.8685091391791069,0.16555248939969733,0.0001266157406793745,-3.8329499129925964,False,
6118,6118.0,False,6118,6118.0,40,347,True,0.8421514996603376,0.19914221505424423,0.0039573506779598325,-2.881541539691878,False,
6251,6251.0,False,6251,6251.0,2,6874,True,0.9878302628595022,0.015253095041281584,8.7806892136704e-14,-7.458058190598864,False,
6251,6251.0,False,6251,6251.0,5,2749,True,0.9231983035898775,0.09640577766099924,1.288743894492407e-12,-7.095511014548196,False,
6251,6251.0,False,6251,6251.0,10,1374,True,0.8672167498416457,0.16719483302942498,3.020445570252227e-07,-5.122166775548644,False,
6251,6251.0,False,6251,6251.0,20,687,True,0.9938918830435245,-0.007655464109458283,0.000193864980142929,-3.7268796362436696,False,
6251,6251.0,False,6251,6251.0,40,343,True,0.926410453825284,-0.09236196993755427,0.0038803863981746334,-2.887725264170064,False,
6384,6384.0,False,6384,6384.0,2,6808,True,0.9757729438708072,-0.030368779305575203,1.3910474868621204e-13,-7.397182086555521,False,
6384,6384.0,False,6384,6384.0,5,2723,True,0.8863059297734006,-0.14298005926443658,8.096337569403049e-13,-7.159514340475105,False,
6384,6384.0,False,6384,6384.0,10,1361,True,0.7279533852754128,-0.3478492701700347,2.3057211375085156e-07,-5.172832159646165,False,
6384,6384.0,False,6384,6384.0,20,680,True,0.8328263875062389,-0.2110780249008315,0.00012674603877611132,-3.8326969789639374,False,
6384,6384.0,False,6384,6384.0,40,340,True,0.882705713350909,0.14754012212560205,0.005575602864035362,-2.7717488962431065,False,
6517,6517.0,False,6517,6517.0,2,6741,True,0.9546570838025223,0.056859540931301134,4.7470255628183624e-11,-6.578661351383429,False,
6517,6517.0,False,6517,6517.0,5,2696,True,0.7711048584898298,0.29092999744722947,3.5065763795187954e-10,-6.274545252403938,False,
6517,6517.0,False,6517,6517.0,10,1348,True,0.989414371420425,0.01326750718022954,6.988120872327118e-06,-4.494050000623778,False,
6517,6517.0,False,6517,6517.0,20,674,True,0.9797788825176587,0.025346125986928893,0.000969930847268383,-3.299106560893231,False,
6517,6517.0,False,6517,6517.0,40,337,True,0.9340586768980923,-0.08273949896634283,0.014605140798392388,-2.4420248613048674,False,
6650,6650.0,False,6650,6650.0,2,6675,True,0.9880719649560379,-0.014950131840784663,2.657660510742557e-10,-6.3175362864327695,False,
6650,6650.0,False,6650,6650.0,5,2670,True,0.7913489650410268,0.26455931561307433,1.9154125427327775e-09,-6.004822566406599,False,
6650,6650.0,False,6650,6650.0,10,1335,True,0.7594231971741062,0.30623832094205256,1.5731119639586167e-05,-4.318193907302126,False,
6650,6650.0,False,6650,6650.0,20,667,True,0.6276787510730194,0.4849966087946416,0.0014241804068903133,-3.1897051000210004,False,
6650,6650.0,False,6650,6650.0,40,333,True,0.9062827574012171,0.11772853366282915,0.01305919347914717,-2.482150967058561,False,
6783,6783.0,False,6783,6783.0,2,6608,True,0.9781746980834782,0.027357371553773217,5.307654385995037e-09,-5.83722768178087,False,
6783,6783.0,False,6783,6783.0,5,2643,True,0.9310495834943936,-0.0865243709567088,4.0129625569752515e-08,-5.490280352813733,False,
6783,6783.0,False,6783,6783.0,10,1321,True,0.8967008468666876,-0.12983010155970634,7.478163812599485e-05,-3.960536253495977,False,
6783,6783.0,False,6783,6783.0,20,660,True,0.8849137953351005,0.1447429901238885,0.0031578015922891596,-2.9519440342360315,False,
6783,6783.0,False,6783,6783.0,40,330,True,0.8424774812032927,0.19872549300049386,0.03259408649394891,-2.13704801518119,False,
6916,6916.0,False,6916,6916.0,2,6542,True,0.983997993327089,0.020056885850330088,5.0305005248098566e-11,-6.57003035645937,False,
6916,6916.0,False,6916,6916.0,5,2616,True,0.7530687082815206,0.3145956158984086,1.1743705302029607e-10,-6.442608885526776,False,
6916,6916.0,False,6916,6916.0,10,1308,True,0.4920092742753016,0.6871165682915917,3.8481684240747825e-06,-4.619418581938574,False,
6916,6916.0,False,6916,6916.0,20,654,True,0.6591336805641664,0.44110956317173966,0.0006741638268806915,-3.3998761457136197,False,
6916,6916.0,False,6916,6916.0,40,327,True,0.7223325126401878,0.3553431770967192,0.012941412174566147,-2.4853774922291896,False,
7049,7049.0,False,7049,7049.0,2,6475,True,0.949449352546271,0.06339828541611621,3.87932098042452e-09,-5.889258562204057,False,
7049,7049.0,False,7049,7049.0,5,2590,True,0.8017670863054823,0.2510608209218891,2.748596668606709e-08,-5.556740025580938,False,
7049,7049.0,False,7049,7049.0,10,1295,True,0.9321158114508581,0.08518311828689619,7.136303315451357e-05,-3.9716950589778515,False,
7049,7049.0,False,7049,7049.0,20,647,True,0.9057885338031441,0.11835228150025189,0.003543230449151807,-2.916200216166206,False,
7049,7049.0,False,7049,7049.0,40,323,True,0.8487029694405374,0.19077360446785094,0.022062900063861177,-2.2892832536142116,False,
7182,7182.0,False,7182,7182.0,2,6409,True,0.9868321076391641,-0.016504254890717825,2.5516434096166358e-08,-5.569709547837034,False,
7182,7182.0,False,7182,7182.0,5,2563,True,0.89898709747521,0.12694099788667543,9.267202151311548e-08,-5.3405362938288246,False,
7182,7182.0,False,7182,7182.0,10,1281,True,0.9152669963751764,0.1063974749878219,0.00010176170414315378,-3.8863525144752717,False,
7182,7182.0,False,7182,7182.0,20,640,True,0.9670795380912702,0.041271393777283734,0.0039729805343731465,-2.8802991092191332,False,
7182,7182.0,False,7182,7182.0,40,320,True,0.8519262026943893,0.18666129764337644,0.0327740363237481,-2.134840555400297,False,
7315,7315.0,False,7315,7315.0,2,6342,True,0.9719992974725893,0.035100882802809964,9.932720162460626e-10,-6.110487590109337,False,
7315,7315.0,False,7315,7315.0,5,2537,True,0.8644620258679523,0.17069699490510826,6.392105196832873e-09,-5.806162172224669,False,
7315,7315.0,False,7315,7315.0,10,1268,True,0.8475574058387794,0.1922359259373501,2.985875528758034e-05,-4.174540917410497,False,
7315,7315.0,False,7315,7315.0,20,634,True,0.8871551315142076,0.14190489029518552,0.002102508819068769,-3.075356775921058,False,
7315,7315.0,False,7315,7315.0,40,317,True,0.9648932520259615,-0.044013990302775426,0.02151612910195,-2.298802987500379,False,
7448,7448.0,False,7448,7448.0,2,6276,True,0.9514542712533752,-0.060880635768312485,8.837743265829338e-09,-5.7516484414554805,False,
7448,7448.0,False,7448,7448.0,5,2510,True,0.9403799418764788,-0.07479233329646232,1.3806249488972716e-08,-5.675774573519991,False,
7448,7448.0,False,7448,7448.0,10,1255,True,0.7413731758699692,-0.33003545044659144,5.98767979064609e-05,-4.013295816709757,False,
7448,7448.0,False,7448,7448.0,20,627,True,0.7767094128991752,-0.2836098171714486,0.00283965160474208,-2.984582988510844,False,
7448,7448.0,False,7448,7448.0,40,313,True,0.847846326724536,0.19186707737979158,0.02214845882191569,-2.2878122212638248,False,
7581,7581.0,False,7581,7581.0,2,6209,True,0.9934204869956461,-0.008246290123797101,2.5748148624423362e-08,-5.568134203346039,False,
7581,7581.0,False,7581,7581.0,5,2483,True,0.8947089505419819,-0.13234811658189258,6.880019201977887e-08,-5.394276531892743,False,
7581,7581.0,False,7581,7581.0,10,1241,True,0.9235647820310816,0.09594433588736204,9.224797900678692e-05,-3.9101260261743724,False,
7581,7581.0,False,7581,7581.0,20,620,True,0.829875524120905,-0.21486121559305185,0.003618316879616553,-2.9096517461205424,False,
7581,7581.0,False,7581,7581.0,40,310,True,0.6825039444858982,-0.40904866981966853,0.03430015672551295,-2.11652528887925,False,
7714,7714.0,False,7714,7714.0,2,6143,True,0.9189843329932221,-0.1017131891786613,1.7118422742899223e-06,-4.784768843682996,False,
7714,7714.0,False,7714,7714.0,5,2457,True,0.6544320746508354,-0.4476136161157432,1.9036741523390537e-06,-4.763389989181316,False,
7714,7714.0,False,7714,7714.0,10,1228,True,0.5621828371095898,-0.5796023067332153,0.0005360238571047411,-3.4620769592355094,False,
7714,7714.0,False,7714,7714.0,20,614,True,0.7422353448508885,-0.32889461480722565,0.012132579116575375,-2.5082645593921113,False,
7714,7714.0,False,7714,7714.0,40,307,True,0.8928959527494524,0.13464070997101485,0.058538117492923536,-1.8916463384357458,True,
7847,7847.0,False,7847,7847.0,2,6076,True,0.9895145594567867,0.013141929150081933,7.863808160744646e-05,-3.948513196886569,False,
7847,7847.0,False,7847,7847.0,5,2430,True,0.9233687278956664,-0.0961911897926034,0.00014846785400131677,-3.7936182872865305,False,
7847,7847.0,False,7847,7847.0,10,1215,True,0.8159424695505321,-0.23276683227253198,0.006564577059618447,-2.718161585138728,False,
7847,7847.0,False,7847,7847.0,20,607,True,0.7763293659135178,-0.28410571696122494,0.04481663702236354,-2.006371403138016,False,
7847,7847.0,False,7847,7847.0,40,303,True,0.7627604182120837,-0.3018578635972331,0.1233012518265621,-1.541063829943769,True,
7980,7980.0,False,7980,7980.0,2,6010,True,0.9342614502067597,-0.08248449161457423,0.00017580738080759696,-3.7514606044187015,False,
7980,7980.0,False,7980,7980.0,5,2404,True,0.839598971538107,-0.20240646899792816,0.00013440524920154206,-3.8182434657666993,False,
7980,7980.0,False,7980,7980.0,10,1202,True,0.9887493955587487,0.014101008889423233,0.005941514436544507,-2.750991724049824,False,
7980,7980.0,False,7980,7980.0,20,601,True,0.8539800438439444,-0.18404258963004796,0.05006682040967785,-1.9593926531331625,True,
7980,7980.0,False,7980,7980.0,40,300,True,0.9701383131327355,-0.03743481578672435,0.12313715459932198,-1.5417384901701705,True,
8113,8113.0,False,8113,8113.0,2,5943,True,0.9971059452155182,0.0036271677289196934,8.684252580549708e-05,-3.924687143969457,False,
8113,8113.0,False,8113,8113.0,5,2377,True,0.9895729929148797,-0.01306868738161146,8.061071159624439e-05,-3.94257713643787,False,
8113,8113.0,False,8113,8113.0,10,1188,True,0.9429721066140963,-0.07153482824790058,0.004309326450079989,-2.854583775742989,False,
8113,8113.0,False,8113,8113.0,20,594,True,0.9772146571502042,0.028561074886876547,0.04038643778797563,-2.0497745339103286,False,
8113,8113.0,False,8113,8113.0,40,297,True,0.9547750795501857,0.056711416564677826,0.1064777457154306,-1.6142290838667577,True,
8246,8246.0,False,8246,8246.0,2,5877,True,0.9415387984905307,-0.07333593272468447,0.011785084633872641,-2.5185150517622255,False,
8246,8246.0,False,8246,8246.0,5,2350,True,0.9874815804841459,-0.015690155901985692,0.009479858128842038,-2.5942461798746277,False,
8246,8246.0,False,8246,8246.0,10,1175,True,0.7964084351186248,0.2579980202641376,0.06198139127181372,-1.8664288401912827,True,
8246,8246.0,False,8246,8246.0,20,587,True,0.9157739785569142,0.10575848198974025,0.1544007270167427,-1.4241580443239923,True,
8246,8246.0,False,8246,8246.0,40,293,True,0.8979281435342261,-0.12827905033220585,0.25074365322110415,-1.1485449855325407,True,
8379,8379.0,True,8379,8379.0,2,5810,True,0.9994703766516809,0.000663784478645658,0.20142077430864957,-1.277514188952628,True,
8379,8379.0,True,8379,8379.0,5,2324,True,0.7726878301200667,-0.28886089469540793,0.19278757583236283,-1.3023768983055957,True,
8379,8379.0,True,8379,8379.0,10,1162,True,0.644620468044619,-0.46124830611972284,0.34897734420761206,-0.9365747522030604,True,
8379,8379.0,True,8379,8379.0,20,581,True,0.553290255679143,-0.5928369814828015,0.469206764251638,-0.7237703025464877,True,
8379,8379.0,True,8379,8379.0,40,290,True,0.9874308518547983,-0.015753742668517322,0.5262210224140432,-0.633785185818043,True,
